item_id,problem_id,model,agent_a_round2_labels,agent_b_round2_labels,adjudication_a_labels,adjudication_b_labels,final_labels,final_rationale,source
742d6d58cc,1613E,human,AE3.2,GE3.1,GE3.1,AE3.2,GE3.1,"The BFS accepts a cell using a faulty local condition based on static passable-neighbor counts rather than the current forced expansion condition. That rejects corridor cells that should become '+', leaving most of the row unfilled.",tie_breaker
3418662bc6,1601B,human,GE1.1,AE6.3,GE1.1,GE1.1,GE1.1,"The first witness actual path is also a valid minimum jump sequence, so the exact mismatch does not demonstrate an output-format bug. The best-supported concern is the custom 0-1 BFS and segment-graph reconstruction design, but this item remains ambiguous.",adjudication_agreement
9b899fcde1,1615E,human,AE2.1,GE2.2,GE2.2,GE2.2,GE2.2,The tree-game code uses the Euler-tour index returned by qry as if it were a node id in vis/fa and subtree updates. That index mix-up corrupts the selected path and produces an impossible score.,adjudication_agreement
93f9d1c1c5,1586H,human,GE2.1,GE3.1,GE3.1,GE3.1,GE3.1,"The centroid structure compares answer pairs lexicographically as (enjoyment,toll), so equal enjoyment prefers a larger toll. The failing query should keep the starting city with toll 0 but returns toll 1.",adjudication_agreement
67cc2eb710,1586E,human,GE1.1,GE2.1,GE1.1,GE1.1,GE1.1,"The first witness paths appear to be valid and make all used edge parities even, so the exact mismatch does not show a concrete output-format failure. The closest supported concern is the custom tree-path parity construction, but the evidence is ambiguous.",adjudication_agreement
1bbf6ace5d,1606E,human,AE1.1,AE5.2,AE5.2,AE5.2,AE5.2,"The submitted combinatorial DP fills a table with a recurrence that does not match the simultaneous-damage no-winner process. The state table is present, but the transition formula produces the wrong count.",adjudication_agreement
9c1d58ef67,1581B,human,GE2.1,AE1.1,GE2.1,GE2.1,GE2.1,"The feasibility logic mishandles the n=1, k=0 boundary and accepts a graph whose diameter 0 is not strictly less than -1. This is a special input-boundary case in the condition set.",adjudication_agreement
02e447d75c,1600F,human,GE1.1,AE6.1,AE6.1,AE6.1,AE6.1,"The first public witness prints a valid independent set, so the exact mismatch is non-unique-output ambiguity. The code nevertheless relies on incomplete randomized sampling after failing to exhaustively search both possible party types.",adjudication_agreement
9df11182f4,1613A,human,GE1.2,AE1.1,AE1.1,AE1.1,AE1.1,"The comparison normalization subtracts digit-length differences and then compares only a shared prefix. It ignores remaining significant digits, declaring 1201 and 1200 equal.",adjudication_agreement
d517076fe7,1579B,human,GE2.2,GE6.2,GE6.2,GE6.2,GE6.2,"The internal sort simulation moves the selected element to the end of the segment, equivalent to a left shift by 1, but it prints offset i-id. The emitted operations do not reproduce the sorted array.",adjudication_agreement
4bfb65a0eb,1601B,human,GE1.1,AE6.3,GE1.1,GE1.1,GE1.1,"The first witness actual path is also a valid minimum jump sequence, so the exact mismatch does not demonstrate an output-format bug. The best-supported concern is the custom 0-1 BFS and segment-graph reconstruction design, but this item remains ambiguous.",adjudication_agreement
61579af114,1598G,gpt-3.5-turbo-0125,AE1.1,GE2.2,GE2.2,AE1.1,GE2.2,"The code reconstructs the first addend interval from a zero-based stored end position without converting correctly to one-based bounds. It outputs 1 6 instead of the valid 2 7, an off-by-one substring boundary error.",tie_breaker
6761575622,1608B,gpt-3.5-turbo-0125,GE3.1,AE2.1,GE3.1,GE3.1,GE3.1,"The feasibility condition rejects valid extrema counts unless a+b is almost n-1. Thus valid sample cases such as n=4, a=1, b=1 are sent to the -1 branch.",adjudication_agreement
191b688f2e,1622A,gpt-3.5-turbo-0125,GE3.1,AE1.1,AE1.1,AE1.1,AE1.1,The rectangle test reduces the condition to one stick equaling the sum of the other two. It misses the mathematical case where two sticks are already equal and the remaining even stick can be split into two equal sides.,adjudication_agreement
460a8ae223,1591E,gpt-3.5-turbo-0125,GE3.1,GE2.2,GE2.2,GE2.2,GE2.2,"After sorting candidates by occurrence count in increasing order, the query returns sorted_occurrences[size-k] instead of the k-th element from the front. That reversed index selects the wrong value.",adjudication_agreement
a6ae9f4390,1606E,gpt-3.5-turbo-0125,AE1.1,AE5.1,AE5.1,AE5.1,AE5.1,The DP state counts increasing health totals and does not represent arena survival states or the no-winner condition. As a result it returns 0 for a case where every assignment is no-winner.,adjudication_agreement
4880d69a1d,1607H,gpt-3.5-turbo-0125,GE1.2,AE2.1,GE1.2,GE1.2,GE1.2,The program minimizes and reports the number of changed dishes rather than the number of distinct resulting dishes. It therefore misses the stated global variety objective.,adjudication_agreement
ffa8f1202b,1620B,gpt-3.5-turbo-0125,GE6.1,"GE6.1,AE1.1","GE6.1,AE1.1","GE6.1,AE1.1","AE1.1,GE6.1","The program reads only two of the four side point lists, so later side data is parsed as later test cases. Independently, it computes adjacent gaps instead of side span times the opposite rectangle dimension.",adjudication_agreement
4d03cff6de,1606A,gpt-3.5-turbo-0125,GE3.1,GE1.2,GE3.1,GE3.1,GE3.1,"When both AB and BA occur, the code always edits a BA occurrence instead of first checking whether the counts are already equal. It changes an already valid sample string.",adjudication_agreement
5c19aec84c,1582G,gpt-3.5-turbo-0125,AE1.2,GE1.1,AE1.2,AE1.2,AE1.2,The solution uses floating products and ratio counts rather than exact number-theoretic divisibility information. It loses the prime-factor structure needed to count simple segments.,adjudication_agreement
c58dd71aca,1608B,gpt-3.5-turbo-0125,GE3.1,AE2.1,GE3.1,GE3.1,GE3.1,The feasibility condition for the peak/valley permutation is over-strict and rejects valid sample cases. The local boolean test sends feasible inputs to the -1 branch.,adjudication_agreement
1f3a534ee1,1606E,gpt-3.5-turbo-0125,AE1.1,AE5.1,AE5.1,AE5.1,AE5.1,"The DP state counts bounded integer compositions by total health, not outcomes of the simultaneous-damage arena process. It cannot represent the no-winner condition and returns 0 for the sample.",adjudication_agreement
48114647fe,1594C,gpt-3.5-turbo-0125,GE1.2,GE1.1,GE1.2,GE1.2,GE1.2,The program prints divisors of n regardless of the string contents or which multiples already contain the target character. It misunderstands how the operation preserves positions divisible by x.,adjudication_agreement
5601e4e9bf,1575C,gpt-5.4-nano,GE1.1,"GE1.1,GE6.2",GE1.1,GE1.1,GE1.1,The implementation abandons the general k>1 cyclic segment counting algorithm and returns without computing an answer. The empty output is a consequence of the unfinished algorithmic branch.,adjudication_agreement
2e287cb064,1622A,gpt-5.4-nano,GE3.1,AE1.1,AE1.1,AE1.1,AE1.1,The stick-splitting derivation only checks whether the broken stick can be split into the other two lengths. It misses the equal-unbroken-sticks case such as 5 5 4.,adjudication_agreement
2349673d20,1594E2,gpt-5.4-nano,GE1.1,"GE1.1,GE6.2",GE1.1,GE1.1,GE1.1,The hard tree-coloring solver stops after building relevant nodes and returns before performing the DP/counting step. It never implements the required general algorithm.,adjudication_agreement
02d97bf948,1615E,gpt-5.4-nano,AE1.1,AE5.1,AE5.1,AE5.1,AE5.1,The tree-game DP tracks an invented activated-node quantity rather than the minimax score components needed for Red and Blue play. That state overestimates the achievable score on the path sample.,adjudication_agreement
8562e3d2c5,1601E,gpt-5.4-nano,GE1.1,AE5.2,GE1.1,GE1.1,GE1.1,The ticket-query solver is a placeholder that prints a[l] for each query after abandoning the interval DP. It ignores later cheaper tickets and validity windows.,adjudication_agreement
1026345672,1606B,gpt-5.4-nano,GE2.1,GE3.1,GE3.1,GE2.1,GE2.1,"The explicit k == n branch returns n-1, but this boundary still needs the initial doubling spread; for n=6,k=6 the correct answer is 3. The failure is incorrect handling of that boundary case.",tie_breaker
ceb639b88a,1580F,gpt-5.4-nano,GE1.1,AE1.1,AE1.1,AE1.1,AE1.1,The combinatorial derivation for cyclic difficulty plans is abandoned and the fallback prints 0. The code never implements a valid counting formula for the threshold-adjacency cycle.,adjudication_agreement
220b3f7127,1619H,gpt-5.4-nano,GE1.1,"GE1.1,GE6.2",GE1.1,GE1.1,GE1.1,The type-2 permutation query handler is left unfinished inside the query loop. It consumes the queries but never computes the required permutation iterates.,adjudication_agreement
6fc4fd17e1,1622A,gpt-5.4-nano,GE3.1,AE1.1,AE1.1,AE1.1,AE1.1,The stick-splitting test omits the case where two unbroken sticks are equal and the remaining stick can be split into two equal parts. It rejects 5 5 4 even though a rectangle is possible.,adjudication_agreement
e1940ddac2,1586E,gpt-5.4-nano,GE1.1,GE2.1,GE1.1,GE1.1,GE1.1,"The first witness paths appear valid and make all used edge parities even, so the exact mismatch does not prove a concrete failure. The closest supported concern is the simplified tree-path construction, but the evidence is ambiguous.",adjudication_agreement
511e545fa2,1579E2,gpt-5.4-nano,GE1.1,AE2.1,GE1.1,GE1.1,GE1.1,The deque inversion minimization is abandoned and the program prints 0 for every test case. It misses nonzero inversion minima rather than applying a flawed local choice.,adjudication_agreement
93162f7967,1581B,gpt-5.4-nano,GE2.1,AE1.1,GE2.1,GE2.1,GE2.1,"The code accepts the n=1, m=0, k=0 boundary even though the graph diameter 0 is not strictly less than -1. The single-node case is handled too broadly for small k.",adjudication_agreement
421ea2d881,1606E,gpt-5.4-nano,GE1.1,AE1.1,AE1.1,AE1.1,AE1.1,The arena counting derivation is unfinished and the program falls back to 0 for all n>2. It never implements the combinatorial formula needed to count no-winner health assignments.,adjudication_agreement
